{"stat.useItem.notreepunching.rock/andesite":1,"stat.drop.minecraft.stone_pickaxe":3,"silex.learn":1,"stat.pickup.minecraft.bone":189,"stat.pickup.lycanitesmobs.scorchfirecharge":2,"stat.leaveGame":8,"stat.drop.minecraft.stone_shovel":1,"stat.mineBlock.minecraft.cobblestone":155,"stat.drop.minecraft.red_mushroom":1,"stat.pickup.minecraft.flint":3,"stat.pickup.notreepunching.rock/andesite":13,"nymph.learn":1,"stat.craftItem.spartanweaponry.greatsword_stone":2,"tremor.learn":1,"stat.pickup.minecraft.fishing_rod":1,"stat.swimOneCm":49152,"stat.climbOneCm":1881,"stat.useItem.minecraft.planks":11,"stat.mineBlock.minecraft.web":3,"strider.kill":1,"stat.mineBlock.defiledlands.umbrium_ore":4,"stat.useItem.minecraft.dirt":91,"stat.useItem.minecraft.stone_slab2":55,"stat.pickup.minecraft.bow":6,"stat.pickup.minecraft.iron_boots":2,"stat.useItem.minecraft.water_bucket":44,"kobold.learn":2,"stat.pickup.minecraft.rotten_flesh":55,"stat.pickup.minecraft.sand":11,"stat.useItem.notreepunching.cobblestone/andesite":14,"stat.craftItem.minecraft.stone_axe":3,"stat.pickup.minecraft.name_tag":1,"stat.craftItem.minecraft.stone_pickaxe":6,"stat.pickup.notreepunching.rock/diorite":34,"stat.pickup.spartanweaponry.greatsword_stone":2,"stat.pickup.minecraft.cobblestone":208,"stat.mineBlock.minecraft.clay":2,"stat.useItem.minecraft.stone_shovel":151,"stat.craftItem.minecraft.stone_sword":4,"stat.flyOneCm":354888,"stat.pickup.minecraft.chainmail_chestplate":1,"stat.mineBlock.minecraft.sand":11,"stat.pickup.minecraft.fish":5,"stat.drop.minecraft.wheat_seeds":7,"stat.pickup.lycanitesmobs.arisaurmeatcooked":2,"stat.pickup.minecraft.redstone":8,"stat.mineBlock.minecraft.iron_ore":14,"yale.kill":1,"stat.timeSinceDeath":183989,"stat.useItem.minecraft.iron_pickaxe":61,"stat.drop.minecraft.spider_eye":1,"stat.craftItem.notreepunching.cobblestone/andesite":24,"kobold.kill":3,"stat.pickup.minecraft.chainmail_helmet":2,"geonach.learn":1,"stat.furnaceInteraction":5,"stat.drop.spartanweaponry.greatsword_stone":1,"stat.craftItem.spartanweaponry.material":3,"stat.mineBlock.minecraft.coal_ore":23,"stat.pickup.minecraft.string":11,"stat.craftItem.minecraft.stone_slab2":0,"stat.sprintOneCm":199313,"stat.drop.minecraft.fishing_rod":1,"stat.mineBlock.minecraft.stone_slab":78,"stat.pickup.notreepunching.rock/granite":107,"stat.pickup.defiledlands.umbrium_ore":4,"afrit.kill":1,"stat.useItem.minecraft.snowball":4,"stat.mineBlock.minecraft.crafting_table":4,"arisaur.learn":1,"stat.useItem.notreepunching.cobblestone/granite":11,"stat.pickup.minecraft.golden_horse_armor":1,"stat.pickup.dynamictrees.oakseed":30,"stat.mineBlock.minecraft.planks":2,"stat.pickup.lycanitesmobs.geistliver":4,"stat.drop":22,"stat.playOneMinute":186341,"geist.learn":1,"ghoul.learn":1,"stat.useItem.lycanitesmobs.geistliver":2,"stat.killEntity.Zombie":46,"stat.pickup.minecraft.snowball":4,"stat.mineBlock.minecraft.tallgrass":10,"stat.diveOneCm":37564,"stat.chestOpened":88,"stat.mineBlock.notreepunching.cobblestone/andesite":5,"stat.pickup.minecraft.gravel":15,"stat.pickup.minecraft.arrow":165,"stat.pickup.minecraft.iron_sword":1,"stat.pickup.minecraft.stone_axe":2,"afrit.learn":1,"geist.kill":1,"stat.jump":1991,"stat.pickup.minecraft.coal":22,"stat.fallOneCm":45937,"stat.pickup.minecraft.iron_ingot":2,"stat.useItem.minecraft.stone_axe":193,"stat.pickup.minecraft.gunpowder":15,"stat.crouchOneCm":96631,"stat.mineBlock.minecraft.chest":5,"ent.learn":1,"stat.pickup.minecraft.spider_eye":3,"stat.craftItem.minecraft.torch":56,"stat.craftItem.minecraft.iron_ingot":28,"stat.craftItem.minecraft.chest":2,"stat.pickup.minecraft.dirt":232,"stat.pickup.minecraft.red_mushroom":1,"stat.craftingTableInteraction":26,"stat.pickup.minecraft.iron_ore":14,"serpix.learn":1,"stat.pickup.minecraft.iron_axe":1,"stat.pickup.minecraft.cookie":6,"stat.craftItem.spartanweaponry.halberd_stone":1,"arix.kill":4,"stat.damageTaken":7882,"stat.pickup.notreepunching.rock/stone":735,"stat.mineBlock.minecraft.torch":39,"stat.drop.minecraft.rabbit":2,"stat.pickup.minecraft.prismarine_shard":2,"stat.drop.minecraft.water_bucket":1,"stat.useItem.spartanweaponry.greatsword_stone":32,"stat.pickup.minecraft.planks":63,"stat.pickup.minecraft.reeds":12,"stat.pickup.minecraft.iron_leggings":1,"stat.killEntity.CaveSpider":9,"stat.pickup.minecraft.wheat_seeds":20,"stat.mineBlock.minecraft.gravel":18,"stat.useItem.minecraft.stone_pickaxe":566,"maka.learn":1,"chupacabra.learn":1,"stat.useItem.minecraft.stone_sword":323,"stat.useItem.spartanweaponry.halberd_stone":118,"stat.damageDealt":36458,"reaper.learn":1,"stat.sleepInBed":16,"stat.pickup.lycanitesmobs.arisaurmeatraw":2,"stat.pickup.minecraft.ice":1,"stat.mineBlock.minecraft.dirt":242,"arisaur.kill":1,"stat.pickup.minecraft.chainmail_boots":1,"stat.pickup.minecraft.record_13":2,"stat.craftItem.minecraft.stone_shovel":3,"stat.mineBlock.defiledlands.stone_defiled":33,"geonach.kill":1,"stat.walkOneCm":509673,"stat.useItem.minecraft.torch":113,"stat.useItem.minecraft.chest":5,"stat.pickup.minecraft.stick":43,"stat.drop.minecraft.rotten_flesh":25,"yale.learn":1,"stat.useItem.minecraft.log":33,"stat.pickup.minecraft.crafting_table":4,"stat.useItem.minecraft.cobblestone":379,"stat.craftItem.minecraft.crafting_table":2,"stat.pickup.lycanitesmobs.embercharge":2,"stat.mineBlock.minecraft.double_plant":2,"stat.drop.lycanitesmobs.scorchfirecharge":2,"stat.useItem.dynamictrees.oakseed":9,"stat.pickup.minecraft.log":76,"salamander.learn":1,"stat.pickup.bountifulbaubles.potionrecall":4,"stat.useItem.scalinghealth.heartcontainer":1,"stat.pickup.minecraft.iron_pickaxe":1,"stat.pickup.minecraft.chainmail_leggings":2,"stat.pickup.scalinghealth.heartcontainer":3,"stat.pickup.minecraft.ender_pearl":1,"stat.pickup.notreepunching.cobblestone/andesite":5,"stat.pickup.minecraft.gold_ingot":18,"stat.killEntity.Skeleton":99,"arix.learn":2,"stat.pickup.lycanitesmobs.yalemeatraw":2,"stat.drop.dynamictrees.oakseed":5,"stat.craftItem.minecraft.bucket":1,"stat.pickup.lycanitesmobs.icefirecharge":1,"stat.useItem.minecraft.iron_sword":80,"stat.pickup.defiledlands.stone_defiled":32,"stat.pickup.minecraft.stone_sword":4,"stat.mobKills":172,"stat.mineBlock.minecraft.log":10,"stat.useItem.minecraft.golden_apple":1,"stat.pickup.minecraft.diamond":5,"stat.pickup.minecraft.torch":52,"stat.pickup.minecraft.red_flower":6,"stat.pickup.bountifulbaubles.trinketbrokenheart":1,"stat.sneakTime":37508,"stat.pickup.minecraft.rabbit":2,"stat.craftItem.notreepunching.cobblestone/granite":12,"stat.pickup.minecraft.stone_slab":148,"stat.mineBlock.minecraft.stone":297,"stat.craftItem.minecraft.cobblestone":98,"stat.pickup.minecraft.chest":5,"stat.drop.scalinghealth.heartcontainer":1}