{"stat.pickup.lycanitesmobs.scorchfirecharge":2,"stat.leaveGame":6,"stat.killEntity.trumpetskeleton.TrumpetSkeleton":1,"stat.pickup.notreepunching.cobblestone/granite":2,"djinn.learn":1,"stat.useItem.minecraft.planks":12,"stat.mineBlock.minecraft.web":11,"stat.pickup.minecraft.glowstone_dust":2,"stat.pickup.minecraft.porkchop":7,"stat.pickup.minecraft.blaze_powder":2,"stat.useItem.minecraft.water_bucket":38,"kobold.learn":2,"stat.killEntity.toroquest_toro":1,"stat.pickup.minecraft.rotten_flesh":110,"silex.kill":1,"stat.pickup.minecraft.sand":11,"stat.useItem.notreepunching.cobblestone/andesite":6,"stat.craftItem.minecraft.stone_axe":3,"stat.craftItem.spartanweaponry.boomerang_stone":1,"stat.pickup.notreepunching.rock/diorite":20,"stat.pickup.spartanweaponry.greatsword_stone":1,"stat.craftItem.minecraft.stone_sword":6,"stat.useItem.spartanweaponry.boomerang_stone":2,"stat.pickup.minecraft.chainmail_chestplate":1,"stat.pickup.minecraft.brown_mushroom":2,"stat.mineBlock.minecraft.sand":11,"stat.killEntity.Witch":1,"stat.craftItem.minecraft.wooden_hoe":1,"stat.useItem.minecraft.fence_gate":1,"stat.craftItem.minecraft.wooden_pickaxe":1,"stat.useItem.notreepunching.knife/flint":46,"stat.furnaceInteraction":18,"stat.craftItem.spartanweaponry.material":3,"stat.drop.minecraft.red_flower":2,"xaphan.kill":3,"stat.pickup.iceandfire.manuscript":2,"stat.pickup.lycanitesmobs.xaphanspine":1,"stat.pickup.minecraft.beef":2,"stat.pickup.lycanitesmobs.spectralboltcharge":1,"stat.pickup.minecraft.hay_block":4,"stat.pickup.lycanitesmobs.chupacabrameatraw":2,"stat.useItem.minecraft.fence":53,"stat.useItem.minecraft.stone_stairs":41,"stat.pickup.notreepunching.rock/granite":93,"stat.pickup.defiledlands.umbrium_ore":7,"stat.craftItem.notreepunching.saw/iron":1,"afrit.kill":1,"stat.mineBlock.minecraft.fence":11,"stat.craftItem.minecraft.fence_gate":2,"stat.useItem.minecraft.wheat_seeds":39,"stat.pickup.minecraft.pumpkin_seeds":6,"stat.pickup.minecraft.saddle":1,"stat.pickup.dynamictrees.oakseed":41,"stat.pickup.lycanitesmobs.geistliver":7,"stat.pickup.minecraft.egg":12,"stat.playOneMinute":381402,"stat.pickup.minecraft.blaze_rod":3,"geist.learn":2,"stat.mineBlock.defiledlands.grass_defiled":1,"stat.pickup.minecraft.iron_bars":7,"stat.mineBlock.minecraft.tallgrass":357,"stat.pickup.minecraft.netherrack":13,"stat.craftItem.minecraft.cooked_mutton":2,"stat.chestOpened":167,"stat.useItem.minecraft.stone":4,"stat.craftItem.minecraft.carpet":3,"stat.mineBlock.minecraft.netherrack":13,"stat.pickup.minecraft.arrow":111,"stat.pickup.minecraft.waterlily":8,"maka.kill":1,"afrit.learn":1,"stat.craftItem.craftablechainmail.chainmail_plate":13,"stat.craftItem.minecraft.coal":3,"geist.kill":5,"stat.craftItem.minecraft.iron_nugget":54,"stat.fallOneCm":100624,"stat.pickup.minecraft.carrot":1,"stat.pickup.minecraft.melon_seeds":9,"stat.crouchOneCm":107836,"stat.mineBlock.minecraft.chest":2,"ent.learn":1,"stat.pickup.minecraft.red_mushroom":4,"stat.craftingTableInteraction":45,"stat.pickup.lycanitesmobs.makameatraw":3,"stat.craftItem.spartanweaponry.halberd_stone":1,"stat.pickup.minecraft.feather":4,"stat.useItem.minecraft.reeds":18,"stat.pickup.minecraft.dye":6,"stat.pickup.minecraft.planks":32,"chupacabra.kill":1,"stat.pickup.minecraft.wheat_seeds":64,"tremor.kill":1,"stat.mineBlock.minecraft.gravel":31,"stat.useItem.minecraft.stone_pickaxe":1721,"maka.learn":1,"stat.useItem.minecraft.stone_sword":615,"reaper.learn":2,"djinn.kill":1,"stat.mineBlock.minecraft.dirt":370,"arisaur.kill":2,"stat.useItem.minecraft.bread":25,"stat.useItem.minecraft.torch":110,"stat.pickup.minecraft.golden_apple":2,"feradon.learn":1,"feradon.kill":1,"stat.craftItem.minecraft.stone_stairs":76,"stat.useItem.minecraft.log":16,"stat.useItem.minecraft.cobblestone":385,"stat.useItem.minecraft.gravel":13,"stat.mineBlock.minecraft.double_plant":20,"stat.pickup.minecraft.iron_hoe":1,"stat.useItem.dynamictrees.oakseed":12,"stat.pickup.minecraft.log":95,"salamander.learn":1,"stat.useItem.defiledlands.dirt_defiled":2,"stat.pickup.firstaid.morphine":1,"spriggan.learn":1,"stat.pickup.minecraft.chicken":1,"stat.pickup.minecraft.sapling":15,"stat.pickup.notreepunching.flint_shard":4,"stat.craftItem.minecraft.bucket":1,"stat.craftItem.minecraft.planks":400,"stat.pickup.minecraft.stone_sword":3,"stat.pickup.lycanitesmobs.lifedraincharge":1,"stat.mineBlock.minecraft.log":14,"stat.pickup.bountifulbaubles.trinketbezoar":2,"stat.craftItem.notreepunching.axe/flint":2,"stat.pickup.minecraft.red_flower":2,"stat.sneakTime":45456,"stat.pickup.minecraft.rabbit":2,"ent.kill":1,"wisp.learn":1,"stat.craftItem.notreepunching.cobblestone/granite":7,"stat.useItem.minecraft.wooden_axe":3,"stat.pickup.minecraft.stone_slab":277,"stat.pickup.minecraft.yellow_flower":1,"stat.craftItem.notreepunching.knife/flint":1,"stat.craftItem.minecraft.cobblestone":421,"stat.pickup.minecraft.chest":8,"stat.pickup.defiledlands.hephaestite":101,"silex.learn":1,"stat.pickup.minecraft.bone":104,"stat.mineBlock.minecraft.cobblestone":466,"stat.pickup.minecraft.stone_pickaxe":3,"stat.pickup.minecraft.flint":2,"stat.mineBlock.minecraft.yellow_flower":1,"stat.pickup.notreepunching.rock/andesite":251,"nymph.learn":1,"stat.craftItem.notreepunching.grass_string":10,"tremor.learn":1,"stat.swimOneCm":89959,"stat.climbOneCm":259,"stat.pickup.minecraft.enchanted_book":1,"stat.mineBlock.defiledlands.umbrium_ore":7,"stat.useItem.minecraft.obsidian":3,"stat.useItem.minecraft.dirt":205,"stat.useItem.minecraft.stone_slab2":80,"stat.pickup.minecraft.bow":4,"stat.useItem.minecraft.egg":12,"stat.craftItem.minecraft.stone_pickaxe":12,"stat.pickup.minecraft.cobblestone":558,"stat.craftItem.minecraft.bow":1,"stat.craftItem.minecraft.chainmail_helmet":1,"stat.useItem.minecraft.stone_shovel":314,"stat.flyOneCm":1010116,"stat.pickup.defiledlands.dirt_defiled":3,"stat.craftItem.minecraft.wooden_slab":12,"stat.pickup.minecraft.redstone":5,"stat.mineBlock.minecraft.iron_ore":34,"yale.kill":3,"stat.timeSinceDeath":379036,"stat.pickup.minecraft.mutton":34,"stat.craftItem.notreepunching.cobblestone/andesite":7,"kobold.kill":6,"stat.pickup.minecraft.chainmail_helmet":1,"geonach.learn":1,"stat.craftItem.minecraft.chainmail_leggings":1,"stat.useItem.minecraft.cooked_porkchop":4,"stat.mineBlock.minecraft.coal_ore":177,"stat.killEntity.Creeper":1,"stat.pickup.minecraft.string":57,"stat.pickup.lycanitesmobs.silexmeatraw":6,"stat.useItem.spartanweaponry.saber_stone":23,"stat.craftItem.minecraft.stone_slab2":0,"stat.mineBlock.defiledlands.dirt_defiled":2,"stat.sprintOneCm":646219,"stat.mineBlock.minecraft.stone_slab":70,"stat.craftItem.minecraft.wooden_axe":1,"stat.craftItem.minecraft.stick":100,"stat.useItem.minecraft.stone_slab":105,"arisaur.learn":1,"stat.useItem.notreepunching.cobblestone/granite":7,"stat.drop":1,"stat.pickup.minecraft.stone_button":6,"stat.killEntity.Sheep":20,"stat.pickup.minecraft.slime_ball":3,"stat.killEntity.Zombie":80,"stat.pickup.minecraft.snowball":6,"stat.diveOneCm":84866,"stat.pickup.minecraft.sign":2,"stat.pickup.minecraft.gravel":29,"stat.craftItem.minecraft.cooked_porkchop":1,"stat.pickup.firstaid.plaster":1,"stat.pickup.minecraft.stone_axe":1,"stat.pickup.minecraft.obsidian":4,"stat.useItem.minecraft.carpet":1,"stat.mineBlock.defiledlands.hephaestite_ore":48,"stat.jump":5113,"stat.pickup.minecraft.fence":11,"stat.useItem.minecraft.wooden_hoe":59,"stat.pickup.minecraft.coal":195,"stat.useItem.minecraft.stone_axe":256,"stat.useItem.notreepunching.axe/flint":32,"stat.craftItem.minecraft.bread":12,"stat.pickup.minecraft.gunpowder":6,"stat.pickup.minecraft.spider_eye":10,"stat.craftItem.minecraft.torch":112,"stat.pickup.minecraft.dirt":457,"stat.pickup.minecraft.iron_ore":42,"stat.pickup.minecraft.stone_shovel":1,"reaper.kill":2,"stat.mineBlock.minecraft.iron_bars":7,"stat.mineBlock.notreepunching.cobblestone/granite":1,"stat.damageTaken":8487,"stat.pickup.minecraft.leather":4,"stat.pickup.notreepunching.rock/stone":2061,"stat.mineBlock.minecraft.red_flower":1,"stat.mineBlock.minecraft.torch":24,"stat.useItem.minecraft.wooden_pickaxe":59,"stat.useItem.spartanweaponry.greatsword_stone":141,"xaphan.learn":2,"stat.killEntity.CaveSpider":23,"stat.pickup.minecraft.bed":2,"stat.pickup.minecraft.potato":1,"chupacabra.learn":1,"stat.useItem.spartanweaponry.halberd_stone":158,"stat.damageDealt":47620,"stat.sleepInBed":22,"cephignis.learn":1,"stat.pickup.lycanitesmobs.arisaurmeatraw":5,"stat.killEntity.Pig":3,"stat.craftItem.spartanweaponry.saber_stone":1,"stat.craftItem.minecraft.stone_shovel":2,"stat.mineBlock.defiledlands.stone_defiled":4,"geonach.kill":3,"stat.walkOneCm":925512,"stat.animalsBred":5,"stat.useItem.minecraft.chest":4,"stat.pickup.spartanweaponry.boomerang_stone":1,"stat.pickup.minecraft.stick":97,"yale.learn":2,"spriggan.kill":3,"stat.pickup.bountifulbaubles.potionrecall":1,"stat.useItem.scalinghealth.heartcontainer":3,"stat.craftItem.minecraft.wheat":36,"stat.pickup.notreepunching.grass_fiber":32,"stat.pickup.minecraft.stone":28,"stat.craftItem.minecraft.iron_chestplate":1,"stat.pickup.scalinghealth.heartcontainer":3,"stat.pickup.minecraft.ender_pearl":4,"stat.pickup.minecraft.chorus_fruit":2,"stat.useItem.minecraft.netherrack":4,"stat.killEntity.Skeleton":52,"stat.pickup.lycanitesmobs.yalemeatraw":8,"stat.killEntity.Chicken":2,"stat.pickup.defiledlands.stone_defiled":4,"stat.killEntity.Spider":3,"stat.pickup.minecraft.bread":2,"stat.mobKills":233,"stat.craftItem.minecraft.shears":1,"stat.pickup.minecraft.quartz":14,"stat.craftItem.minecraft.fence":45,"stat.pickup.minecraft.water_bucket":1,"stat.pickup.minecraft.diamond":3,"stat.mineBlock.minecraft.leaves":1,"stat.pickup.minecraft.torch":73,"stat.pickup.bountifulbaubles.trinketballoon":1,"stat.pickup.lycanitesmobs.acidsplashcharge":2,"stat.mineBlock.minecraft.hay_block":4,"stat.pickup.toroquest.toro_leather":1,"stat.mineBlock.minecraft.stone":815}