{"stat.pickup.lycanitesmobs.scorchfirecharge":2,"stat.leaveGame":5,"stat.killEntity.trumpetskeleton.TrumpetSkeleton":1,"stat.pickup.notreepunching.cobblestone/granite":2,"djinn.learn":1,"stat.useItem.minecraft.planks":11,"stat.mineBlock.minecraft.web":3,"stat.pickup.minecraft.glowstone_dust":2,"stat.pickup.minecraft.porkchop":2,"stat.pickup.minecraft.blaze_powder":2,"stat.useItem.minecraft.water_bucket":30,"kobold.learn":1,"stat.killEntity.toroquest_toro":1,"stat.pickup.minecraft.rotten_flesh":84,"silex.kill":1,"stat.pickup.minecraft.sand":11,"stat.useItem.notreepunching.cobblestone/andesite":6,"stat.craftItem.minecraft.stone_axe":1,"stat.craftItem.spartanweaponry.boomerang_stone":1,"stat.pickup.notreepunching.rock/diorite":20,"stat.pickup.spartanweaponry.greatsword_stone":1,"stat.craftItem.minecraft.stone_sword":4,"stat.useItem.spartanweaponry.boomerang_stone":2,"stat.pickup.minecraft.chainmail_chestplate":1,"stat.mineBlock.minecraft.sand":11,"stat.killEntity.Witch":1,"stat.craftItem.minecraft.wooden_pickaxe":1,"stat.useItem.notreepunching.knife/flint":46,"stat.furnaceInteraction":17,"stat.craftItem.spartanweaponry.material":3,"stat.drop.minecraft.red_flower":2,"stat.pickup.minecraft.beef":2,"stat.pickup.lycanitesmobs.spectralboltcharge":1,"stat.pickup.minecraft.hay_block":4,"stat.pickup.lycanitesmobs.chupacabrameatraw":2,"stat.pickup.notreepunching.rock/granite":75,"stat.pickup.minecraft.pumpkin_seeds":6,"stat.pickup.dynamictrees.oakseed":41,"stat.pickup.lycanitesmobs.geistliver":6,"stat.pickup.minecraft.egg":6,"stat.playOneMinute":238813,"stat.pickup.minecraft.blaze_rod":2,"geist.learn":2,"stat.mineBlock.minecraft.tallgrass":126,"stat.pickup.minecraft.netherrack":13,"stat.craftItem.minecraft.cooked_mutton":2,"stat.chestOpened":51,"stat.mineBlock.minecraft.netherrack":13,"stat.pickup.minecraft.arrow":91,"maka.kill":1,"afrit.learn":1,"stat.craftItem.craftablechainmail.chainmail_plate":13,"stat.craftItem.minecraft.coal":3,"geist.kill":4,"stat.craftItem.minecraft.iron_nugget":54,"stat.fallOneCm":62373,"stat.pickup.minecraft.carrot":1,"stat.pickup.minecraft.melon_seeds":6,"stat.crouchOneCm":52469,"stat.mineBlock.minecraft.chest":2,"ent.learn":1,"stat.pickup.minecraft.red_mushroom":2,"stat.craftingTableInteraction":30,"stat.pickup.lycanitesmobs.makameatraw":3,"stat.craftItem.spartanweaponry.halberd_stone":1,"stat.pickup.minecraft.feather":4,"stat.pickup.minecraft.dye":6,"stat.pickup.minecraft.planks":30,"chupacabra.kill":1,"stat.pickup.minecraft.wheat_seeds":34,"tremor.kill":1,"stat.mineBlock.minecraft.gravel":31,"stat.useItem.minecraft.stone_pickaxe":1130,"maka.learn":1,"stat.useItem.minecraft.stone_sword":406,"reaper.learn":2,"stat.mineBlock.minecraft.dirt":128,"arisaur.kill":2,"stat.useItem.minecraft.bread":11,"stat.useItem.minecraft.torch":76,"feradon.learn":1,"feradon.kill":1,"stat.useItem.minecraft.log":15,"stat.useItem.minecraft.cobblestone":276,"stat.useItem.minecraft.gravel":13,"stat.mineBlock.minecraft.double_plant":12,"stat.pickup.minecraft.iron_hoe":1,"stat.useItem.dynamictrees.oakseed":12,"stat.pickup.minecraft.log":95,"salamander.learn":1,"stat.pickup.firstaid.morphine":1,"spriggan.learn":1,"stat.pickup.minecraft.chicken":1,"stat.pickup.minecraft.sapling":6,"stat.pickup.notreepunching.flint_shard":4,"stat.craftItem.minecraft.bucket":1,"stat.pickup.minecraft.stone_sword":3,"stat.pickup.lycanitesmobs.lifedraincharge":1,"stat.mineBlock.minecraft.log":14,"stat.pickup.bountifulbaubles.trinketbezoar":2,"stat.craftItem.notreepunching.axe/flint":2,"stat.pickup.minecraft.red_flower":2,"stat.sneakTime":22622,"stat.pickup.minecraft.rabbit":1,"ent.kill":1,"wisp.learn":1,"stat.craftItem.notreepunching.cobblestone/granite":7,"stat.useItem.minecraft.wooden_axe":3,"stat.pickup.minecraft.stone_slab":270,"stat.craftItem.notreepunching.knife/flint":1,"stat.craftItem.minecraft.cobblestone":334,"stat.pickup.minecraft.chest":5,"silex.learn":1,"stat.pickup.minecraft.bone":80,"stat.mineBlock.minecraft.cobblestone":277,"stat.pickup.minecraft.stone_pickaxe":3,"stat.pickup.minecraft.flint":2,"stat.pickup.notreepunching.rock/andesite":164,"nymph.learn":1,"stat.craftItem.notreepunching.grass_string":10,"tremor.learn":1,"stat.swimOneCm":66148,"stat.climbOneCm":53,"stat.pickup.minecraft.enchanted_book":1,"stat.useItem.minecraft.obsidian":3,"stat.useItem.minecraft.dirt":98,"stat.useItem.minecraft.stone_slab2":50,"stat.pickup.minecraft.bow":4,"stat.craftItem.minecraft.stone_pickaxe":7,"stat.pickup.minecraft.cobblestone":355,"stat.craftItem.minecraft.chainmail_helmet":1,"stat.useItem.minecraft.stone_shovel":41,"stat.flyOneCm":636546,"stat.craftItem.minecraft.wooden_slab":12,"stat.mineBlock.minecraft.iron_ore":22,"yale.kill":3,"stat.timeSinceDeath":236573,"stat.pickup.minecraft.mutton":27,"stat.craftItem.notreepunching.cobblestone/andesite":7,"kobold.kill":3,"stat.pickup.minecraft.chainmail_helmet":1,"geonach.learn":1,"stat.craftItem.minecraft.chainmail_leggings":1,"stat.useItem.minecraft.cooked_porkchop":2,"stat.mineBlock.minecraft.coal_ore":72,"stat.pickup.minecraft.string":40,"stat.pickup.lycanitesmobs.silexmeatraw":6,"stat.useItem.spartanweaponry.saber_stone":14,"stat.craftItem.minecraft.stone_slab2":0,"stat.sprintOneCm":424945,"stat.mineBlock.minecraft.stone_slab":66,"stat.craftItem.minecraft.wooden_axe":1,"stat.useItem.minecraft.stone_slab":102,"arisaur.learn":1,"stat.useItem.notreepunching.cobblestone/granite":7,"stat.drop":1,"stat.pickup.minecraft.stone_button":6,"stat.killEntity.Sheep":15,"stat.killEntity.Zombie":61,"stat.diveOneCm":56596,"stat.pickup.minecraft.sign":2,"stat.pickup.minecraft.gravel":29,"stat.craftItem.minecraft.cooked_porkchop":1,"stat.pickup.firstaid.plaster":1,"stat.pickup.minecraft.stone_axe":1,"stat.pickup.minecraft.obsidian":4,"stat.jump":3320,"stat.pickup.minecraft.coal":87,"stat.useItem.minecraft.stone_axe":102,"stat.useItem.notreepunching.axe/flint":32,"stat.craftItem.minecraft.bread":12,"stat.pickup.minecraft.gunpowder":6,"stat.pickup.minecraft.spider_eye":8,"stat.craftItem.minecraft.torch":112,"stat.pickup.minecraft.dirt":205,"stat.pickup.minecraft.iron_ore":24,"stat.pickup.minecraft.stone_shovel":1,"reaper.kill":2,"stat.mineBlock.notreepunching.cobblestone/granite":1,"stat.damageTaken":6507,"stat.pickup.minecraft.leather":4,"stat.pickup.notreepunching.rock/stone":1657,"stat.mineBlock.minecraft.red_flower":1,"stat.mineBlock.minecraft.torch":15,"stat.useItem.minecraft.wooden_pickaxe":59,"stat.useItem.spartanweaponry.greatsword_stone":141,"stat.killEntity.CaveSpider":20,"stat.pickup.minecraft.bed":2,"stat.pickup.minecraft.potato":1,"chupacabra.learn":1,"stat.useItem.spartanweaponry.halberd_stone":144,"stat.damageDealt":31814,"stat.sleepInBed":12,"stat.pickup.lycanitesmobs.arisaurmeatraw":5,"stat.killEntity.Pig":1,"stat.craftItem.spartanweaponry.saber_stone":1,"geonach.kill":1,"stat.walkOneCm":583196,"stat.pickup.spartanweaponry.boomerang_stone":1,"stat.pickup.minecraft.stick":95,"yale.learn":2,"spriggan.kill":2,"stat.useItem.scalinghealth.heartcontainer":3,"stat.craftItem.minecraft.wheat":36,"stat.pickup.notreepunching.grass_fiber":32,"stat.pickup.minecraft.stone":5,"stat.pickup.scalinghealth.heartcontainer":3,"stat.pickup.minecraft.ender_pearl":2,"stat.useItem.minecraft.netherrack":4,"stat.killEntity.Skeleton":43,"stat.pickup.lycanitesmobs.yalemeatraw":8,"stat.killEntity.Chicken":2,"stat.killEntity.Spider":3,"stat.mobKills":177,"stat.craftItem.minecraft.shears":1,"stat.pickup.minecraft.quartz":4,"stat.pickup.minecraft.water_bucket":1,"stat.mineBlock.minecraft.leaves":1,"stat.pickup.minecraft.torch":36,"stat.mineBlock.minecraft.hay_block":4,"stat.pickup.toroquest.toro_leather":1,"stat.mineBlock.minecraft.stone":638}