{"stat.chestOpened":36,"stat.pickup.minecraft.bone":17,"stat.drop.minecraft.wooden_pickaxe":1,"stat.pickup.minecraft.gravel":126,"stat.leaveGame":4,"stat.pickup.minecraft.arrow":14,"stat.pickup.minecraft.iron_sword":1,"stat.mineBlock.minecraft.cobblestone":3,"stat.pickup.toughasnails.purified_water_bottle":3,"stat.pickup.minecraft.stone_pickaxe":1,"stat.pickup.minecraft.flint":4,"stat.pickup.minecraft.stone_axe":2,"stat.drop.minecraft.leather_helmet":1,"stat.useItem.minecraft.apple":1,"stat.pickup.minecraft.leather_chestplate":2,"stat.drop.minecraft.chainmail_helmet":1,"nymph.learn":1,"stat.useItem.minecraft.potion":2,"stat.drop.minecraft.iron_pickaxe":1,"stat.pickup.minecraft.stone_brick_stairs":2,"tremor.learn":1,"stat.jump":470,"stat.swimOneCm":4385,"stat.pickup.minecraft.coal":13,"stat.pickup.minecraft.cooked_chicken":2,"stat.fallOneCm":7402,"stat.climbOneCm":16,"stat.useItem.minecraft.stone_axe":24,"stat.drop.minecraft.stone_sword":1,"stat.pickup.minecraft.gunpowder":13,"stat.crouchOneCm":21577,"stat.pickup.minecraft.blaze_powder":2,"stat.pickup.minecraft.spider_eye":2,"stat.craftItem.minecraft.torch":60,"stat.pickup.minecraft.dirt":47,"stat.useItem.minecraft.dirt":1,"stat.useItem.minecraft.stone_slab2":16,"stat.pickup.minecraft.bow":3,"stat.pickup.minecraft.iron_boots":2,"stat.craftingTableInteraction":5,"stat.pickup.minecraft.iron_ore":39,"stat.mineBlock.minecraft.stone_brick_stairs":3,"stat.pickup.minecraft.rotten_flesh":2,"stat.mineBlock.minecraft.iron_bars":17,"stat.entityKilledBy.Spider":1,"stat.pickup.minecraft.brick_block":3,"stat.pickup.minecraft.mushroom_stew":1,"stat.useItem.minecraft.egg":3,"stat.craftItem.minecraft.stone_axe":1,"stat.drop.minecraft.leather_boots":1,"stat.mineBlock.minecraft.stone_stairs":1,"stat.damageTaken":2121,"stat.pickup.minecraft.leather":6,"stat.pickup.notreepunching.rock/stone":98,"stat.craftItem.minecraft.stone_pickaxe":1,"stat.mineBlock.minecraft.torch":5,"stat.useItem.minecraft.wooden_pickaxe":11,"stat.pickup.minecraft.cobblestone":355,"stat.pickup.minecraft.ender_eye":2,"stat.pickup.minecraft.log2":24,"stat.pickup.minecraft.leather_boots":3,"stat.pickup.minecraft.planks":16,"chupacabra.kill":1,"eechetik.kill":1,"stat.craftItem.minecraft.stone_sword":2,"stat.flyOneCm":123992,"stat.pickup.minecraft.soul_sand":8,"stat.pickup.minecraft.wheat_seeds":1,"tremor.kill":1,"stat.drop.minecraft.wheat_seeds":1,"stat.mineBlock.minecraft.gravel":50,"stat.entityKilledBy.trumpetskeleton.TrumpetSkeleton":1,"stat.useItem.minecraft.stone_pickaxe":55,"chupacabra.learn":1,"stat.useItem.minecraft.stone_sword":133,"stat.damageDealt":6314,"stat.mineBlock.minecraft.iron_ore":10,"stat.craftItem.notreepunching.knife/iron":1,"stat.timeSinceDeath":11340,"stat.mineBlock.minecraft.dirt":16,"stat.useItem.minecraft.iron_pickaxe":24,"stat.craftItem.minecraft.wooden_pickaxe":1,"stat.drop.minecraft.spider_eye":1,"stat.mineBlock.minecraft.brick_block":3,"stat.useItem.minecraft.iron_bars":5,"stat.walkOneCm":236977,"stat.useItem.minecraft.torch":160,"stat.useItem.minecraft.bread":1,"stat.trappedChestTriggered":1,"stat.pickup.minecraft.stick":25,"stat.mineBlock.minecraft.vine":4,"stat.pickup.minecraft.chainmail_helmet":3,"stat.pickup.minecraft.crafting_table":3,"geonach.learn":1,"banshee.kill":2,"stat.useItem.minecraft.cobblestone":56,"stat.craftItem.minecraft.crafting_table":1,"stat.furnaceInteraction":4,"stat.pickup.lycanitesmobs.embercharge":2,"spriggan.kill":2,"stat.useItem.minecraft.gravel":24,"cinder.learn":1,"stat.mineBlock.minecraft.coal_ore":7,"stat.pickup.minecraft.log":43,"stat.pickup.minecraft.string":30,"stat.useItem.minecraft.cooked_fish":1,"spriggan.learn":1,"stat.useItem.scalinghealth.heartcontainer":2,"stat.pickup.minecraft.iron_pickaxe":2,"stat.pickup.minecraft.stone":21,"stat.pickup.scalinghealth.heartcontainer":2,"stat.pickup.minecraft.chainmail_leggings":2,"stat.sprintOneCm":118148,"stat.pickup.minecraft.paper":9,"stat.pickup.minecraft.iron_chestplate":1,"stat.pickup.minecraft.apple":7,"stat.pickup.notreepunching.flint_shard":18,"stat.killEntity.Skeleton":5,"stat.drop.minecraft.bow":1,"stat.mineBlock.minecraft.stonebrick":4,"stat.useItem.minecraft.iron_sword":33,"stat.pickup.minecraft.potion":1,"banshee.learn":1,"stat.killEntity.Spider":11,"stat.mineBlock.minecraft.crafting_table":1,"stat.pickup.minecraft.stone_sword":1,"stat.pickup.minecraft.bread":6,"stat.mineBlock.minecraft.quartz_block":1,"stat.pickup.minecraft.pumpkin_seeds":2,"stat.mobKills":30,"stat.pickup.dynamictrees.oakseed":1,"stat.pickup.minecraft.leather_leggings":2,"stat.mineBlock.minecraft.log":19,"stat.mineBlock.minecraft.bookshelf":1,"stat.deaths":4,"stat.drop":16,"stat.craftItem.notreepunching.axe/flint":1,"cinder.kill":3,"stat.drop.minecraft.leather_leggings":2,"stat.pickup.notreepunching.knife/iron":1,"stat.pickup.minecraft.egg":3,"stat.playOneMinute":63693,"stat.pickup.lycanitesmobs.immunizer":1,"stat.pickup.minecraft.blaze_rod":1,"stat.pickup.minecraft.torch":67,"eechetik.learn":1,"stat.sneakTime":7665,"stat.killEntity.Zombie":4,"stat.pickup.minecraft.iron_bars":13,"stat.pickup.minecraft.cooked_fish":11,"stat.drop.minecraft.glass_bottle":5,"stat.craftItem.notreepunching.knife/flint":1,"stat.craftItem.minecraft.cobblestone":17,"stat.mineBlock.minecraft.stone":23,"stat.mineBlock.minecraft.tallgrass":7,"stat.diveOneCm":1689,"stat.pickup.minecraft.wheat":3}