{"silex.learn":1,"stat.leaveGame":5,"stat.mineBlock.minecraft.cobblestone":1,"stat.pickup.minecraft.flint":10,"stat.mineBlock.minecraft.yellow_flower":1,"stat.pickup.notreepunching.rock/andesite":1,"nymph.learn":1,"stat.craftItem.notreepunching.grass_string":7,"stat.swimOneCm":79932,"stat.useItem.minecraft.planks":30,"stat.climbOneCm":2887,"stat.pickup.minecraft.glowstone_dust":1,"stat.useItem.minecraft.stone_slab2":62,"kobold.learn":1,"stat.pickup.minecraft.rotten_flesh":117,"stat.craftItem.minecraft.furnace":1,"stat.useItem.minecraft.egg":3,"stat.craftItem.minecraft.stone_axe":3,"stat.craftItem.minecraft.stone_pickaxe":1,"stat.pickup.minecraft.cobblestone":2,"stat.craftItem.minecraft.stone_sword":1,"stat.flyOneCm":208581,"stat.useItem.notreepunching.pickaxe/flint":35,"stat.pickup.minecraft.fish":3,"stat.craftItem.minecraft.cooked_fish":3,"stat.mineBlock.minecraft.iron_ore":3,"stat.timeSinceDeath":101545,"stat.pickup.minecraft.mutton":3,"stat.pickup.minecraft.mossy_cobblestone":10,"stat.useItem.notreepunching.knife/flint":91,"stat.mineBlock.minecraft.vine":2,"stat.furnaceInteraction":10,"stat.pickup.minecraft.iron_shovel":1,"stat.mineBlock.minecraft.coal_ore":13,"stat.pickup.minecraft.string":2,"stat.pickup.lycanitesmobs.silexmeatraw":2,"stat.pickup.minecraft.furnace":2,"stat.craftItem.minecraft.stone_slab2":0,"stat.sprintOneCm":163376,"stat.mineBlock.minecraft.crafting_table":4,"stat.pickup.dynamictrees.oakseed":7,"nymph.kill":1,"stat.mineBlock.minecraft.planks":2,"stat.pickup.lycanitesmobs.geistliver":11,"stat.drop":6,"stat.pickup.minecraft.egg":3,"stat.playOneMinute":114086,"geist.learn":1,"stat.killEntity.Sheep":2,"stat.useItem.lycanitesmobs.geistliver":9,"stat.killEntity.Zombie":162,"stat.mineBlock.minecraft.tallgrass":222,"stat.diveOneCm":875265,"stat.chestOpened":3,"stat.mineBlock.minecraft.mossy_cobblestone":17,"stat.pickup.minecraft.gravel":75,"stat.pickup.minecraft.waterlily":13,"stat.pickup.minecraft.iron_sword":1,"stat.pickup.minecraft.stone_axe":1,"abaia.kill":1,"stat.useItem.minecraft.waterlily":10,"geist.kill":6,"stat.useItem.minecraft.rotten_flesh":1,"stat.jump":1493,"stat.pickup.minecraft.coal":13,"stat.pickup.minecraft.iron_helmet":1,"stat.fallOneCm":21735,"stat.useItem.minecraft.stone_axe":197,"stat.useItem.notreepunching.axe/flint":42,"stat.crouchOneCm":43446,"stat.pickup.minecraft.spider_eye":1,"ent.learn":1,"stat.craftItem.minecraft.iron_ingot":3,"stat.craftItem.minecraft.torch":52,"stat.craftingTableInteraction":24,"stat.pickup.minecraft.iron_ore":3,"stat.useItem.minecraft.sapling":1,"stat.mineBlock.minecraft.leaves2":2,"stat.mineBlock.minecraft.stone_stairs":1,"stat.damageTaken":3569,"stat.pickup.minecraft.feather":2,"stat.pickup.notreepunching.rock/stone":111,"stat.mineBlock.minecraft.furnace":2,"stat.pickup.minecraft.dye":4,"stat.pickup.minecraft.planks":36,"stat.pickup.minecraft.reeds":6,"stat.killEntity.CaveSpider":2,"stat.pickup.minecraft.wheat_seeds":23,"stat.pickup.lycanitesmobs.faeboltcharge":2,"stat.mineBlock.minecraft.gravel":86,"stat.useItem.minecraft.stone_pickaxe":78,"stat.craftItem.notreepunching.pickaxe/flint":1,"stat.useItem.minecraft.stone_sword":133,"stat.damageDealt":34905,"stat.craftItem.minecraft.iron_sword":1,"stat.walkOneCm":203649,"stat.useItem.minecraft.torch":6,"stat.pickup.minecraft.stick":24,"stat.drop.minecraft.rotten_flesh":5,"stat.pickup.minecraft.crafting_table":4,"stat.useItem.minecraft.log":36,"stat.useItem.minecraft.cobblestone":4,"stat.craftItem.minecraft.crafting_table":3,"stat.useItem.minecraft.gravel":46,"stat.mineBlock.minecraft.double_plant":2,"stat.useItem.lycanitesmobs.silexmeatcooked":2,"stat.pickup.minecraft.iron_hoe":1,"stat.useItem.dynamictrees.oakseed":5,"stat.pickup.minecraft.log":46,"stat.useItem.minecraft.cooked_fish":3,"spriggan.learn":1,"abaia.learn":1,"stat.useItem.scalinghealth.heartcontainer":1,"stat.pickup.notreepunching.grass_fiber":23,"stat.pickup.minecraft.chicken":1,"stat.pickup.scalinghealth.heartcontainer":1,"stat.pickup.minecraft.sapling":5,"stat.pickup.minecraft.ender_pearl":1,"stat.craftItem.lycanitesmobs.silexmeatcooked":2,"stat.pickup.notreepunching.flint_shard":12,"stat.useItem.minecraft.iron_sword":468,"stat.killEntity.Chicken":1,"stat.killEntity.Spider":2,"stat.pickup.minecraft.stone_sword":1,"stat.mobKills":178,"stat.mineBlock.minecraft.log":31,"stat.pickup.notreepunching.grass_string":5,"stat.mineBlock.minecraft.waterlily":16,"stat.useItem.minecraft.mossy_cobblestone":6,"stat.craftItem.notreepunching.axe/flint":1,"stat.mineBlock.minecraft.leaves":61,"stat.pickup.minecraft.torch":1,"stat.pickup.minecraft.red_flower":22,"stat.sneakTime":20289,"ent.kill":1,"stat.drop.minecraft.stone_axe":1,"stat.pickup.minecraft.yellow_flower":1,"stat.craftItem.notreepunching.knife/flint":2,"stat.mineBlock.minecraft.stone":37,"stat.craftItem.minecraft.cobblestone":28}